{
    "connectVoiceChannel" : "`{voice_channel_name}` 보이스 채널에 입장했습니다.",
    "disconnectVoiceChannel" : "보이스 연결을 끊었습니다.",
    "cannotConnectVoiceChannel" : "보이스 채널에 연결할 수 없습니다.",
    "addedMusicInQueue" : "새로운 곡을 적어 두겠습니다! \n[(__제목__ : **{track_title}**, __채널__ : **{track_channel}**, __곡 길이__ : **{track_duration}**)]",
    "cannotFindSearchResultsInYoutube" : "해당하는 곡을 찾을 수 없었습니다.",
    "cannotLoadTrack" : "이 트랙에는 약간의 문제가 있나 봅니다.",
    "skipTrack" : "다음 곡으로 넘어갑니다!",
    "skipTracks" : "{skipAmount}개의 곡을 건너뛰겠습니다!",
    "skipAllTracks" : "모든 곡을 건너뛰겠습니다!",
    "outOfSkipTracksRange" : "1곡에서 10곡까지만 건너뛸 수 있습니다.",
    "setLowerVolume" : "볼륨을 낮췄습니다!",
    "setHigherVolume" : "볼륨을 높였습니다!",
    "nowPlayingTrackInfo" : "현재 재생 중인 곡입니다! \n[(__제목__ : **{track_title}**, __채널__ : **{track_channel}**, __곡 길이__ : **{track_duration}**)]",
    "notPlayingTrackMessage" : "현재 아무 곡도 재생하고 있지 않습니다.",
    "outOfChartRange" : "차트 범위를 벗어났어요.",
    "shuffledQueue" : "곡들의 순서를 섞었습니다!",
    "enabledRepeatTrack" : "반복을 시작하겠습니다!",
    "disabledRepeatTrack" : "반복을 종료하겠습니다!",
    "queueEmptyMessage" : "플레이리스트가 비어있습니다.",
    "nowPlayingQueue" : "현재 플레이리스트에 적힌 곡들입니다! <개수 : {queue_amount}>",
    "shutdownBot" : "봇을 종료할게요!",
    "playPlaylist" : "{user}님의 플레이리스트에 있는 {queue_amount}개의 플레이리스트를 모두 재생하겠습니다!",
    "sendPlaylistInfo" : "# {user}님의 플레이리스트 정보입니다 :\n",

    "timeStamp" : "{hour}시간 {minitue}분 {second}초",
    "duration" : "곡 길이",
    "youTubeChannel" : "채널"
}